212092,"bingbong-gaming.com"
514833,"pro-noyabrsk.ru"
332920,"sweetsmell.club"
967770,"clinicanarede.com.br"
94528,"desired.de"
563540,"christianlouboutinbar.com"
243475,"modisoft.com"
517816,"kitarapaja.com"
93407,"tadalafil2019.com"
856933,"hoptiuik.shop"
765531,"channel789.com"
645616,"freebiesjedi.com"
418036,"embou.net"
123254,"thestandard.co"
101891,"vezeeta.com"
379953,"killerworkoutmovie.com"
679793,"0758763.cn"
94770,"fdc148.net"
133039,"iersindia.com"
443534,"anycities.com"
757947,"niftybuttons.com"
61948,"chinacili.com"
647097,"kronenhof.com"
814346,"xn----7sbbgp2cwbxz7a1a.xn--p1ai"
274079,"alligatordirectory.com"
93176,"sulzer.com"
218004,"neurologia.com"
782888,"bahia-noticias.com"
714299,"precisehotels.com"
643712,"lantenne.com"
